<?xml version="1.0" encoding="UTF-8" ?>
<results version="2">
    <cppcheck version="2.16.0" />
    <errors>
        <error id="missingIncludeSystem" severity="information" msg="Include file: &lt;windows.h&gt; not found. Please note: Cppcheck does not need standard library headers to get proper results." verbose="Include file: &lt;windows.h&gt; not found. Please note: Cppcheck does not need standard library headers to get proper results.">
            <location file="gdi.h" line="5" column="0" />
        </error>
        <error id="syntaxError" severity="error" msg="Code &apos;namespacegdi{&apos; is invalid C code." verbose="Code &apos;namespacegdi{&apos; is invalid C code.: Use --std, -x or --language to enforce C++. Or --cpp-header-probe to identify C++ headers via the Emacs marker." file0="gdi.h">
            <location file="gdi.h" line="7" column="1" />
        </error>
        <error id="missingIncludeSystem" severity="information" msg="Include file: &lt;windows.h&gt; not found. Please note: Cppcheck does not need standard library headers to get proper results." verbose="Include file: &lt;windows.h&gt; not found. Please note: Cppcheck does not need standard library headers to get proper results.">
            <location file="main.cpp" line="1" column="0" />
        </error>
        <error id="syntaxError" severity="error" msg="syntax error" verbose="syntax error" file0="main.cpp">
            <location file="main.cpp" line="7" column="9" />
        </error>
        <error id="checkersReport" severity="information" msg="Active checkers: There was critical errors (use --checkers-report=&lt;filename&gt; to see details)" verbose="Active checkers: There was critical errors (use --checkers-report=&lt;filename&gt; to see details)" />
    </errors>
</results>
